-- phpMyAdmin SQL Dump
-- version 5.2.1
-- https://www.phpmyadmin.net/
--
-- Host: 127.0.0.1
-- Generation Time: May 19, 2025 at 08:30 AM
-- Server version: 10.4.32-MariaDB
-- PHP Version: 8.0.30

SET SQL_MODE = "NO_AUTO_VALUE_ON_ZERO";
START TRANSACTION;
SET time_zone = "+00:00";


/*!40101 SET @OLD_CHARACTER_SET_CLIENT=@@CHARACTER_SET_CLIENT */;
/*!40101 SET @OLD_CHARACTER_SET_RESULTS=@@CHARACTER_SET_RESULTS */;
/*!40101 SET @OLD_COLLATION_CONNECTION=@@COLLATION_CONNECTION */;
/*!40101 SET NAMES utf8mb4 */;

--
-- Database: `a&f chocolate`
--

-- --------------------------------------------------------

--
-- Table structure for table `cart`
--

CREATE TABLE `cart` (
  `cart_id` int(11) NOT NULL,
  `user_id` int(11) DEFAULT NULL
) ENGINE=InnoDB DEFAULT CHARSET=utf8mb4 COLLATE=utf8mb4_general_ci;

--
-- Dumping data for table `cart`
--

INSERT INTO `cart` (`cart_id`, `user_id`) VALUES
(1, 1),
(2, 2),
(3, 3),
(4, 4);

-- --------------------------------------------------------

--
-- Table structure for table `cartitems`
--

CREATE TABLE `cartitems` (
  `cart_item_id` int(11) NOT NULL,
  `cart_id` int(11) DEFAULT NULL,
  `product_id` int(11) DEFAULT NULL,
  `quantity` int(11) NOT NULL
) ENGINE=InnoDB DEFAULT CHARSET=utf8mb4 COLLATE=utf8mb4_general_ci;

--
-- Dumping data for table `cartitems`
--

INSERT INTO `cartitems` (`cart_item_id`, `cart_id`, `product_id`, `quantity`) VALUES
(1, 1, 1, 2),
(2, 1, 2, 1),
(3, 2, 3, 1);

-- --------------------------------------------------------

--
-- Table structure for table `categories`
--

CREATE TABLE `categories` (
  `category_id` int(11) NOT NULL,
  `category_name` varchar(100) NOT NULL
) ENGINE=InnoDB DEFAULT CHARSET=utf8mb4 COLLATE=utf8mb4_general_ci;

--
-- Dumping data for table `categories`
--

INSERT INTO `categories` (`category_id`, `category_name`) VALUES
(1, 'Chocolate Bars'),
(2, 'Truffles'),
(3, 'Gift Boxes'),
(4, 'Dark Chocolate');

-- --------------------------------------------------------

--
-- Table structure for table `orderitems`
--

CREATE TABLE `orderitems` (
  `order_item_id` int(11) NOT NULL,
  `order_id` int(11) DEFAULT NULL,
  `product_id` int(11) DEFAULT NULL,
  `quantity` int(11) NOT NULL,
  `price_at_purchase` decimal(10,2) DEFAULT NULL
) ENGINE=InnoDB DEFAULT CHARSET=utf8mb4 COLLATE=utf8mb4_general_ci;

--
-- Dumping data for table `orderitems`
--

INSERT INTO `orderitems` (`order_item_id`, `order_id`, `product_id`, `quantity`, `price_at_purchase`) VALUES
(1, 1, 1, 2, 2.99),
(2, 1, 2, 1, 1.99),
(3, 2, 3, 1, 19.99),
(4, 3, 4, 1, 3.49);

-- --------------------------------------------------------

--
-- Table structure for table `orders`
--

CREATE TABLE `orders` (
  `order_id` int(11) NOT NULL,
  `user_id` int(11) DEFAULT NULL,
  `order_date` timestamp NOT NULL DEFAULT current_timestamp(),
  `status` varchar(50) DEFAULT 'pending',
  `total_amount` decimal(10,2) DEFAULT NULL,
  `shipping_address` text DEFAULT NULL
) ENGINE=InnoDB DEFAULT CHARSET=utf8mb4 COLLATE=utf8mb4_general_ci;

--
-- Dumping data for table `orders`
--

INSERT INTO `orders` (`order_id`, `user_id`, `order_date`, `status`, `total_amount`, `shipping_address`) VALUES
(1, 1, '2025-05-06 04:04:07', 'shipped', 25.97, '123 Main St'),
(2, 2, '2025-05-06 04:04:07', 'pending', 19.99, '456 Elm St'),
(3, 3, '2025-05-06 04:04:07', 'shipped', 3.49, '789 Oak St'),
(4, 4, '2025-05-06 04:04:07', 'completed', 5.98, '321 Pine St');

-- --------------------------------------------------------

--
-- Table structure for table `payments`
--

CREATE TABLE `payments` (
  `payment_id` int(11) NOT NULL,
  `order_id` int(11) DEFAULT NULL,
  `payment_method` varchar(50) DEFAULT NULL,
  `payment_status` varchar(50) DEFAULT 'completed',
  `amount_paid` decimal(10,2) DEFAULT NULL,
  `payment_date` timestamp NOT NULL DEFAULT current_timestamp()
) ENGINE=InnoDB DEFAULT CHARSET=utf8mb4 COLLATE=utf8mb4_general_ci;

--
-- Dumping data for table `payments`
--

INSERT INTO `payments` (`payment_id`, `order_id`, `payment_method`, `payment_status`, `amount_paid`, `payment_date`) VALUES
(1, 1, 'Credit Card', 'completed', 25.97, '2025-05-06 04:04:07'),
(2, 2, 'PayPal', 'pending', 19.99, '2025-05-06 04:04:07'),
(3, 3, 'Credit Card', 'completed', 3.49, '2025-05-06 04:04:07'),
(4, 4, 'Debit Card', 'completed', 5.98, '2025-05-06 04:04:07');

-- --------------------------------------------------------

--
-- Table structure for table `products`
--

CREATE TABLE `products` (
  `product_id` int(11) NOT NULL,
  `name` varchar(100) NOT NULL,
  `description` text DEFAULT NULL,
  `price` decimal(10,2) NOT NULL,
  `stock_quantity` int(11) DEFAULT 0,
  `category_id` int(11) DEFAULT NULL
) ENGINE=InnoDB DEFAULT CHARSET=utf8mb4 COLLATE=utf8mb4_general_ci;

--
-- Dumping data for table `products`
--

INSERT INTO `products` (`product_id`, `name`, `description`, `price`, `stock_quantity`, `category_id`) VALUES
(1, 'Milk Chocolate Bar', 'Smooth and creamy milk chocolate', 2.99, 100, 1),
(2, 'Dark Chocolate Truffle', 'Rich dark chocolate truffle', 1.99, 200, 2),
(3, 'Assorted Gift Box', 'A mix of our best chocolates', 19.99, 50, 3),
(4, '70% Dark Chocolate Bar', 'Intense dark chocolate', 3.49, 150, 4);

-- --------------------------------------------------------

--
-- Table structure for table `users`
--

CREATE TABLE `users` (
  `user_id` int(11) NOT NULL,
  `name` varchar(100) DEFAULT NULL,
  `email` varchar(100) NOT NULL,
  `password_hash` varchar(255) NOT NULL,
  `phone_number` varchar(20) DEFAULT NULL,
  `address` text DEFAULT NULL,
  `created_at` timestamp NOT NULL DEFAULT current_timestamp()
) ENGINE=InnoDB DEFAULT CHARSET=utf8mb4 COLLATE=utf8mb4_general_ci;

--
-- Dumping data for table `users`
--

INSERT INTO `users` (`user_id`, `name`, `email`, `password_hash`, `phone_number`, `address`, `created_at`) VALUES
(1, 'Alice', 'alice@example.com', '1234', '1234567890', '123 Main St', '2025-05-06 04:04:07'),
(2, 'Bob', 'bob@example.com', '56789', '0987654321', '456 Elm St', '2025-05-06 04:04:07'),
(3, 'Charlie', 'charlie@example.com', '98765', '1122334455', '789 Oak St', '2025-05-06 04:04:07'),
(4, 'Diana', 'diana@example.com', '4321', '6677889900', '321 Pine St', '2025-05-06 04:04:07'),
(5, 'ewrgwerg', 'wergsdfvsefger', '$2y$10$qdnDQ0WA1jMn5.K/OurHsOAtb5.Hyyp8rntoydX1Y/F2DnvjEkjw.', '1234567', 'random', '2025-05-16 02:41:40');

--
-- Indexes for dumped tables
--

--
-- Indexes for table `cart`
--
ALTER TABLE `cart`
  ADD PRIMARY KEY (`cart_id`),
  ADD KEY `user_id` (`user_id`);

--
-- Indexes for table `cartitems`
--
ALTER TABLE `cartitems`
  ADD PRIMARY KEY (`cart_item_id`),
  ADD KEY `cart_id` (`cart_id`),
  ADD KEY `product_id` (`product_id`);

--
-- Indexes for table `categories`
--
ALTER TABLE `categories`
  ADD PRIMARY KEY (`category_id`);

--
-- Indexes for table `orderitems`
--
ALTER TABLE `orderitems`
  ADD PRIMARY KEY (`order_item_id`),
  ADD KEY `order_id` (`order_id`),
  ADD KEY `product_id` (`product_id`);

--
-- Indexes for table `orders`
--
ALTER TABLE `orders`
  ADD PRIMARY KEY (`order_id`),
  ADD KEY `user_id` (`user_id`);

--
-- Indexes for table `payments`
--
ALTER TABLE `payments`
  ADD PRIMARY KEY (`payment_id`),
  ADD KEY `order_id` (`order_id`);

--
-- Indexes for table `products`
--
ALTER TABLE `products`
  ADD PRIMARY KEY (`product_id`),
  ADD KEY `category_id` (`category_id`);

--
-- Indexes for table `users`
--
ALTER TABLE `users`
  ADD PRIMARY KEY (`user_id`),
  ADD UNIQUE KEY `email` (`email`);

--
-- AUTO_INCREMENT for dumped tables
--

--
-- AUTO_INCREMENT for table `cart`
--
ALTER TABLE `cart`
  MODIFY `cart_id` int(11) NOT NULL AUTO_INCREMENT, AUTO_INCREMENT=5;

--
-- AUTO_INCREMENT for table `cartitems`
--
ALTER TABLE `cartitems`
  MODIFY `cart_item_id` int(11) NOT NULL AUTO_INCREMENT, AUTO_INCREMENT=5;

--
-- AUTO_INCREMENT for table `categories`
--
ALTER TABLE `categories`
  MODIFY `category_id` int(11) NOT NULL AUTO_INCREMENT, AUTO_INCREMENT=5;

--
-- AUTO_INCREMENT for table `orderitems`
--
ALTER TABLE `orderitems`
  MODIFY `order_item_id` int(11) NOT NULL AUTO_INCREMENT, AUTO_INCREMENT=5;

--
-- AUTO_INCREMENT for table `orders`
--
ALTER TABLE `orders`
  MODIFY `order_id` int(11) NOT NULL AUTO_INCREMENT, AUTO_INCREMENT=5;

--
-- AUTO_INCREMENT for table `payments`
--
ALTER TABLE `payments`
  MODIFY `payment_id` int(11) NOT NULL AUTO_INCREMENT, AUTO_INCREMENT=5;

--
-- AUTO_INCREMENT for table `products`
--
ALTER TABLE `products`
  MODIFY `product_id` int(11) NOT NULL AUTO_INCREMENT, AUTO_INCREMENT=5;

--
-- AUTO_INCREMENT for table `users`
--
ALTER TABLE `users`
  MODIFY `user_id` int(11) NOT NULL AUTO_INCREMENT, AUTO_INCREMENT=6;

--
-- Constraints for dumped tables
--

--
-- Constraints for table `cart`
--
ALTER TABLE `cart`
  ADD CONSTRAINT `cart_ibfk_1` FOREIGN KEY (`user_id`) REFERENCES `users` (`user_id`);

--
-- Constraints for table `cartitems`
--
ALTER TABLE `cartitems`
  ADD CONSTRAINT `cartitems_ibfk_1` FOREIGN KEY (`cart_id`) REFERENCES `cart` (`cart_id`),
  ADD CONSTRAINT `cartitems_ibfk_2` FOREIGN KEY (`product_id`) REFERENCES `products` (`product_id`);

--
-- Constraints for table `orderitems`
--
ALTER TABLE `orderitems`
  ADD CONSTRAINT `orderitems_ibfk_1` FOREIGN KEY (`order_id`) REFERENCES `orders` (`order_id`),
  ADD CONSTRAINT `orderitems_ibfk_2` FOREIGN KEY (`product_id`) REFERENCES `products` (`product_id`);

--
-- Constraints for table `orders`
--
ALTER TABLE `orders`
  ADD CONSTRAINT `orders_ibfk_1` FOREIGN KEY (`user_id`) REFERENCES `users` (`user_id`);

--
-- Constraints for table `payments`
--
ALTER TABLE `payments`
  ADD CONSTRAINT `payments_ibfk_1` FOREIGN KEY (`order_id`) REFERENCES `orders` (`order_id`);

--
-- Constraints for table `products`
--
ALTER TABLE `products`
  ADD CONSTRAINT `products_ibfk_1` FOREIGN KEY (`category_id`) REFERENCES `categories` (`category_id`);
COMMIT;

/*!40101 SET CHARACTER_SET_CLIENT=@OLD_CHARACTER_SET_CLIENT */;
/*!40101 SET CHARACTER_SET_RESULTS=@OLD_CHARACTER_SET_RESULTS */;
/*!40101 SET COLLATION_CONNECTION=@OLD_COLLATION_CONNECTION */;
